1;Lorem ipsum dolor sit amet, steht fr Blindtext welcher verwendet wird um Textfelder im Design zu prfen ohne das der Inhalt von der eigentlichen Aufgabe ablenkt?;Ja;
1;Alle meine Entchen schwimmen ...?;auf dem See;
1;Bier her, Bier her, oder ...?;ich fall um;
1;Der Mai ist gekommen, die B„ume schlagen ...?;aus;
1;Hoppe, Hoppe Reiter, wenn er f„llt, dann ...?;schreit er;
1;Last, but not ...?;least;
1;Muss iïdenn, muss iïdenn ...?;zum St„dtele hinaus;
1;Schwarzbraun ist die ..?;Haselnuss;
1;Das Startkommando bei einem Sprint lautet: Auf die Pl„tze, fertig, ...?;los  ;
1;Der amerikanische Pr„sident stammt in der Regel aus den Reihen der Demokraten oder der ...?;Republikaner;
1;Die Zeichentrickfiguren Tom und Jerry sind ...?;Katze und Maus;
1;Es wird kein Nobelpreis vergeben fr ...?;Wettervorhersagen;
1;Etwas Unsinniges ist ...? ;Humbug;
1;In der deutschen Nationalhymne heiát es :Einigkeit und Recht und ...?;Freiheit;
1;In welcher Stadt leben Micky Maus und Donald Duck?;Entenhausen;
1;Mit einem Besen wird ...?;gefegt;
1;Mit welchem griechischen Wort wird das Weltall bezeichnet?;Kosmos;
1;Mit welchen Worten bekunden Franzosen starke Zuneigung?;je tïaime;
1;Wann steht der groáe Zeiger einer Uhr auf der 12?;zur vollen Stunde;
1;Was bezeichnet man im Sport als Kontrahenten?;Gegner;
1;Was f„llt nicht unter den Oberbegriff Handarbeit?;prgeln;
1;Was f„llt nicht weit vom Stamm?;Apfel;
1;Was geh”rt zur Grundausstattung fr den Mathematikunterricht?;Taschenrechner;
1;Was gibt man bei der Bundestagswahl ab?;Stimme;
1;Was hat Bj”rn Borg fnf mal hintereinander gewonnen?;Wimbledon;
1;Was ist auf der Ein-Dollar-Banknoten der USA abgebildet?;George Washington;
1;Was ist der ADAC?;Automobilclub;
1;Was ist der schwarze Kontinent?;Afrika;
1;Was ist die Heilige Schrift der Christen?;Bibel;
1;Was ist die Touristenattraktion von Pisa?;schiefer Turm;
1;Was ist ein Kabeljau?;Speisefisch;
1;Was muá man frankieren?;Brief;
1;Was rutscht den Hang hinunter und begr„bt ganze D”rfer?;Lawine;
1;Was steht im Mittelpunkt der Groáen Moschee in Mekka?;Kaaba;
1;Was verkauft ein Juwelier?;Schmuck;
1; Was wird auf einem Lottoschein angekreuzt? ;Zahlen;
1;Was wird in Volt gemessen?;elektrische Spannung;
1;Welche alte ostasiatische Kampfsportart perfektionierte Bruce Lee?;Kung Fu;
1;Welche bekannte Illustrierte aus Hamburg erscheint jeden Donnerstag?;Stern;
1;Welche dieser Nsse kann man nicht essen?;Kopfnuss;
1;Welche S„ge kann man nicht im Baumarkt kaufen?;Nervens„ge;
1;Welche Sportart wird auch Pingpong genannt?;Tischtennis;
1;Welche Wetterlage herrscht fast immer ber den Azoren?;Hoch;
1;Welcher Begriff steht fr einen Kuchen mit Mandelmasse?;Bienenstich;
1;Welcher der folgenden Begriffe bezeichnet kein Tier?;Laufmasche;
1;Welcher dieser Kleinwagen wurde in der DDR gebaut?;Trabant;
1;Welcher Finger geh”rt nicht an die Hand, sondern ins Gef„ngnis?;Langfinger;
1;Welcher Handwerker kommt drei Wochen sp„ter als vereinbart und macht dann den Abfluss frei?;Klempner;
1;Welcher Kobold haust in der Werkstatt von Meister Eder?;Pumuckl;
1;Welcher Niederschlag gilt als Hauptursache fr das Waldsterben?;saurer Regen;
1;Welcher Straáenabschnitt fhrt direkt auf die Autobahn?;Beschleunigungsspur;
1;Welcher Zahn z„hlt nicht zum menschlichen Gebiss?;Stoázahn;
1;Welches Tier hat man bissweilen im Hals?;Frosch;
1;Welches dieser Lebewesen wird von der Holzindustrie genutzt?;Baum;
1;Welches Instrument wird auch Piano genannt?;Klavier;
1;Welches Wort bedeutet sowohl Sitzgelegenheit als auch Kreditinstitut?;Bank;
1;Wen oder was soll man nicht vor dem Abend loben?;Tag;
1;Wenn man eine brenzlige Situation bew„ltigt, dann holt man sprichw”rtlich die Kastanien aus dem ...?;Feuer;
1;Wer bildete mit Oliver Hardy eines der erfolgreichsten Komikerduos der Welt?;Stan Laurel;
1;Wer geh”rte nicht zu den Beatles?;Cliff Richard;
1;Wer haust in einem echten Loch?;Nessie;
1;Wer ist Deuteschlands Fuáball-Kaiser?;Franz Beckenbauer;
1;Wer rutscht den Hang hinunter und begr„bt ganze D”rfer?;Lawine;
1;Wer schoss nicht den Vogel, sondern den Apfel ab?;Wilhelm Tell;
1;Wer spinnt nach Obelixï Meinung?;R”mer;
1;Wer bt keinen handwerklichen Beruf aus?;Pfarrer;
1;Wer wurde von den eigenen Eltern im Wald ausgesetzt?;H„nsel und Gretel;
1;Wie bezeichnet man den Betrag, den man fr die Bef”rderung eines Briefes zu entrichten hat?;Porto;
1;Wie heiát das m„nnliche Pendant der Krankenschwester?;Krankenpfleger;
1;Wie heiát der beste Freund des dicken Galliers Obelix?;Asterix;
1;Wie heiát der ostfriesische Komiker Otto mit Nachnamen?;Waalkes;
1;Wie heiát der schl„frige,verfressene und nuschelnde Freund der Biene Maja?;Willi;
1;Wie heiát die schrecklich nette Familie?;Bundy;
1;Wie heiát die Hauptstadt der Volksrepublik China?;Peking;
1;Wie heiát die vom Axel-Springer-Verlag seit 1952 herausgegebene Tageszeitung?;Bild;
1;Wie hieá bis 1990 die Hauptstadt der Bundesrepublik Deutschland?;Bonn;
1;Wie hieá die Mutter von Jesus Christus?;Maria;
1;Wie lautet das Fremdwort fr den Begriff gesetzlich?;legal;
1;Wie lautet der Vorname von Bundeskanzler Schr”der?;Gerhard  ;
1;Wie nennen Muslime ihren Gott?;Allah;
1;Wie nennt man den Leiter eines Orchesters?;Dirigent;
1;Wie nennt man die Formel-1-Rennwagen von McLaren Mercedes?;Silberpfeile;
1;Wie nennt man ein junges Rind?;Kalb;
1;Wie nennt man ein tragbares Funksprechger„t?;Walkie-Talkie;
1;Wie nennt man einen Berufsreiter bei Galopprennen?;Jockey;
1;Wie nennt man einen Milit„rflughafen zum Einsatz und zur Unterhaltung fliegender Verb„nde?;Fliegerhorst;
1;Wie sind Anf„nger der Redensart nach h„ufig?;blutig;
1;Wie viele Pfennige sind eine Mark?;hundert;
1;Wie wird das Eigelb nocht genannt?;Dotter;
1;Wie wird der Atlantik umgangssprachlich genannt?;der groáe Teich;
1;Wie wird der Citroen 2CV genannt?;Ente;
1;Wie wird eine gef„lschte Banknote umgangsprachlich bezeichnet?;Blte;
1;Wo entspringt ein Fluss?;Quelle;
1;Wo muss man hingehen, um Gem„lde zu sehen?;Pinakothek;
1;Wo residiert der Papst?;Vatikan;
1;Womit sollte man nicht versuchen ein Feuer zu l”schen?;Benzin;
1;Woran erkennt man Autos der Marke Mercedes-Benz?;Stern;
1;Woraus schuf Gott die Eva?;Adams Rippe;
1;Worin ist Milch prima zu tansportieren?;Tetra Pak;
1;Worin sitzt ein Formel-1-Fahrer?;Cockpit;
2;Die Polizei, dein Freund und ...?;Helfer;
2;Diese war der erste Streich, doch der zweite ...?;folgt sogleich;
2;Wer reitet so sp„t durch Nacht und ...?;Wind;
2;Auf der Alm, da gibtïs koa ...?;Snd;
2;Die Abkrzung EDV steht fr elektronische ...?;Datenverarbeitung;
2;Ein erfahrener K„mpfer ist ein alter ...?;Haudegen;
2;Ein gewandter und flinker Mensch ist ...?;beh„nde;
2;Ein Zeppelin ist ein ...?;Luftschiff;
2;Eine verrufene Kneipe ist eine ...?;Kaschemme;
2;Fr welches Getr„nk ist die tschechische Stadt Budweis weltberhmt?;Bier;
2;In welchem Land trifft Jonathan Swifts Held Gulliver auf daumengroáe Einwohner?;Liliput;
2;In welchem Meer mndet der Rhein?;Nordsee;
2;In welcher Farbe gibt es keine Gummib„rchen von der Firma Haribo?;Blau ;
2;In welcher Stadt kann man ber den Kuïdamm spazieren?;Berlin;
2;In welches Meer mndet der Rhein?;Nordsee;
2;Mit welchem Gef„hrt kann man die so genannte Eskimorolle ausfhren?;Kajak;
2;Mit welchem Titel landeten die Beatles keinen Nr.-1-Hit?;Satisfaction;
2;Mit welcher W„hrung zahlt man in der Schweiz?;Franken;
2;Nach welchem Tier wurde eine berhmte Operette von Johann Strauá benannt?;Fledermaus;
2;Unter welchem Begriff lassen sich Regen, Hagel und Schnee zusammenfassen?;Niederschlag;
2;Unter welchem Namen ist das Kchengewrz Liebst”ckel noch bekannt?;Maggiekraut;
2;Unter welchem Namen machen Diether Bohlen und Thomas Anders seichte Popmusik?;Modern Talking;
2;Unter welcher Bezeichnung wurde die Klaviersonate op.27 Nr.2 von Ludwig van Beethoven berhmt?;Mondscheinsonate;
2;Was bedeutet das net in Internet?;Netz;
2;Was bezeichnet man als Eselsohr?;geknickte Buchseite;
2;Was brachte 1997 die Mercedes A-Klasse ins Wanken?;Elchtest;
2;Was du nicht willst, das man dir tu, das fg auch keinem andern ...?;zu;
2;Was findet laut Artikel 5, Absatz 1 des deutschen Grundgesetzes nicht statt?;Zensur;
2;Was geh”rt nicht ins Schminkt„schchen?;Rasierpinsel;
2;Was hat sprichw”rtlich goldenen Boden?;Handwerk;
2;Was ist ein Bolide?;Rennwagen;
2;Was ist ein Glcksbringer?;Amulett;
2;Was ist ein Kanton?;Schweizer Bundesland;
2;Was ist ein Knacki?;Gef„ngnisinsasse;
2;Was ist eine Enzyklop„die?;Lexikon;
2;Was ist Harakiri?;ritueller Selbstmord;
2;Was ist Mammon?;Geld;
2;Was ist sowohl Beh„ltnis als auch Speise?;Terrine;
2;Was macht man aus ™l, Ei, Essig und Salz?;Majon„se;
2;Was schmiert man sich in die Haare?;Pomade;
2;Was wird vor allem in Western-Filmen als blaue Bohne bezeichnet?;Bleikugel;
2;Welche Abkrzung steht fr hochaufl”sendes Fernsehen?;HDTV;
2;Welche Ausbildungsf”rderung kann ein Student vom Staat erwarten?;BAf”G;
2;Welche Blume blht laut einem Heino-Schlager so blau, blau, blau?;Enzian;
2;Welche dieser Sprachen ist nicht Amtssprache der Schweiz?;spanisch;
2;Welche Fernsehshow moderierte Kurt Felix?;Verstehen Sie Spaá?;
2;Welche Musikinstrumente brachten laut Altem Testament die Mauern von Jericho zu Fall?;Posaunen;
2;Welche Operationsmethode wird bei Entbindungen h„ufig angewandt?;Kaiserschnitt;
2;Welchen Raum einer Klinik bezeichnet man als Kreiásaal?;Entbindungsraum;
2;Welcher dieser Begriffe steht fr eine scharfe Wrzsoáe?;Tabasco;
2;Welcher dieser Herren ist kein Skispringer?;Stefan Effenberg;
2;Welcher dieser Staaten z„hlt zu den Benelux-Staaten?;Luxemburg;
2;Welcher Vogel macht sprichw”rtlich noch keinen Sommer?;Schwalbe;
2;Welches der folgenden Ger„te kommt in der rhythmischen Sportgymnastik nicht zum Einsatz?;Peitsche;
2;Welches der folgenden Tierchen ist kein Pokemon?;Grobi;
2;Welches dieser L„nder liegt nicht in Asien?;Ghana;
2;Welches S„ugetier wird bis zu 5,80 Meter hoch?;Giraffe;
2;Wen oder was soll man spichw”rtlich nicht mit dem Bade ausschtten?;Das Kind;
2;Wenn man aufgefordert wird, etwas nicht allzu genau zu nehmen, dann soll man fnfe ...?;gerade sein lassen;
2;Wer bestieg am 27.November 1975 den spanischen Thron?;Juan Carlos I;
2;Wer brachte Abel um?;Kain;
2;Wer geh”rte nicht zu den Spice Girls?;Old Spice;
2;Wer kann hinter Gittern olympische Medaillen gewinnen?;Hammerwerfer;
2;Wer machte sich einen Namen als Waffenkonstrukteur?;Kalaschnikow;
2;Wer schieát schneller als sein Schatten?;Lucky Luke;
2;Wer schrieb das 1782 uraufgefhrte deutsche Singspiel Die Entfhrung aus dem Serail?;Mozart;
2;Wer unterwirft sich einer strengen, enthaltsamen Lebensfhrung?;Asket;
2;Wer vollstreckt Todesurteile?;Henker;
2;Wie bezeichnet man Bergabau an der Erdoberfl„che?;Tagebau;
2;Wie heiát das Paradies im Alten Testament?;Eden;
2;Wie heiát das seit 1997 produzierte Nachfolgemodell des Volkswagen K„fers?;New Beetle;
2;Wie heiát das unkontrollierbare Rutschen eines Autoa auf regennasser Fahrbahn?;Aquaplaning;
2;Wie heiát der Drachent”ter aus dem Niebelungenlied?;Siegfried;
2;Wie heiát der Hund von Obelix?;Idefix;
2;Wie heiát die Industrieregion zwischen Duisburg und Dortmund?;Ruhrgebiet;
2;Wie heiát es im Volkslied: Es klappert die Mhle am ...?;Rauschenden Bach;
2;Wie heiát Hitchcocks tierischer Schocker aus dem Jahre 1963?;Die V”gel;
2;Wie lautet das englische Wort fr bitte?;Pleace;
2;Wie lautet ein umgangssprachliches Wort fr Verwandtschaft?;Sippschaft;
2;Wie nennt der J„ger das Fleisch des geschossenen Wildes?;Wildbret;
2;Wie nennt man Computerexperten, die sich unerlaubten Zugang zu fremden Rechnern verschaffen?;Hacker;
2;Wie nennt man die erste Reise eines Schiffes nach der Werftabnahme?;Jungfernfahrt;
2;Wie nennt man die sechseckigen Zellen in Bienenst”cken?;Waben;
2;Wie nennt man eine eingez„unte Weide?;Koppel;
2;Wie nennt man einen berdachten, an drei Seiten verglasten Vorbau eines Wohnhauses?;Veranda;
2;Wie nennt man einen unterschriebenen Scheck, in dem kein Betrag eingesetzt ist?;Blankoscheck;
2;Wie nennt man im Film die stummen Nebendarsteller?;Komparsen;
2;Wie nennt man im Fuáball das spielentscheidende erste Tor in einer Verl„ngerung?;Golden Goal;
2;Wie werden Raumfahrer in Russland genannt?;Kosmonauten;
2;Wie wird Heidis Groávater in Johanna Spyris Erz„hlung genannt?;Alm-™hi;
2;Wo befindet sich bei einem Wagen mit Gangschaltung normalerweise das Gaspedal?;Ganz rechts;
2;Wo leben die Usbeken?;Usbekistan;
2;Wo werden Schiffe ausgebessert?;Dock;
2;Wofr steht in der Mathematik ein durch einen Schr„gstrich geteilter Kreis?;Durchmesser;
2;Wohinter steckt ein bekanntes deutschsprachiges Lexikon?;Brockhaus;
2;Woran leidet die Volkswirtschaft, wenn das Geld nichts mehr wert ist und die Preise steigen?;Inflation;
2;Worin speichert ein Bauer Getreide?;Silo;
2;Zu wem geht man, wenn man eine Brille braucht?;Optiker;
3;An welchem Tag geschieht sprichw”rtlich etwas, wenn es in Wahrheit nie geschieht?;St.-Nimmerleins-Tag;
3;Auf welchen Schiffen mussten Sklaven und Str„flinge einst ihren Dienst verrichten?;Galeeren;
3;Auf welcher Zahl beruht das Dezimalsystem?;10;
3;Die oberste Dachkante nennt man ...?;First;
3;Ein anderes Wort fr Wutanfall ist ...?;Koller;
3;Ein Egozentriker stellt sich selbst ...?;in den Mittelpunkt;
3;Eine einseitig positive oder negative Darstellung eines Sachverhaltes ist ...?;Schwarzweiámalerei;
3;Eine geistige Bewegung im Deutschland des 18.Jahrhunderts hieá Sturm und ...?;Drang;
3;Eine gr”áere Inselgruppe nennt man auch ...?;Archipel;
3;Einer der gr”áten Hits von Udo Jrgens heiát Siebzehn Jahr, ...?;blondes Haar;
3;In dem Teig einer echten italienischen Pizza geh”ren Weizenmehl, Wasser und ...?;Hefe;
3;In welche Stadt wollte Vicky Leandros mit einem gewissen Theo fahren?;Lodz;
3;In welchem franz”sischen Teenager-Streifen debtierte Sophie Marceau 1980?;La Boum;
3;In welchem Land liegt die Region Apulien?;Italien;
3;In welchem US-Bundesstaat liegt Los Angeles?;Kalifornien;
3;In welchem Verwandschaftsverh„ltnis steht Donald Duck zu Tick, Trick und Track?;Onkel;
3;In welchen fiktiven Turm zieht sich jemand zurck, der sich von dieser Welt absondern will?;Elfenbeinturm;
3;Liselotte Pulver bekam es mit den R„ubern zu tun in dem Film Das Wirtshaus ...?;im Spessart;
3;Mit welchem dieser Begriffe bezeichnet man ein luxuri”ses, máigg„ngerisches Leben;Dolce Vita;
3;Mit welchem Treibstoff werden die meisten Dsenflugzeuge angetrieben?;Kerosin;
3;Nach welcher englischen Devise handeln Heimwerker?;do it yourself;
3;Shakespeares Dramen-Held Hamlet ist Prinz von?;D„nemark;
3;Unter welchem dieser Begriffe kennt man einen Nachtisch aus gekochtem Obst?;Kompott;
3;Unter welchem Namen ist der Dachshund besser bekannt?;Dackel;
3;Unter welchem Namen wurde die Oscar-Preistr„gerin Cherlyn Sarkisian La Pierre berhmt?;Cher;
3;Unter welchem Pseudonym wird Donald Duck zum Superhelden im Kampf gegen das Verbrechen?;Phantomias;
3;Von wem stammt die grammatikalisch unkorrekte Feststellung Marmor, Stein und Eisen bricht?;Drafi Deutscher;
3;Was findet man nicht im menschlichen K”rper?;Achtzehendarm;
3;Was fr ein Tier ist ein Eichh”rnchen?;Nagetier;
3;Was fr ein Werkzeug ist ein Engl„nder?;Schraubenschlssel;
3;Was hat der Druide Miraculix immer dabei?;Sichel;
3;Was ist ein Karabiner?;Kurzl„ufiges Gewehr;
3;Was ist ein Pfifferling?;Pilz;
3;Was ist ein Sweater?;Pullover;
3;Was ist eine Schillerlocke?;ger„ucherter Fisch;
3;Was muá ein Schuldner anmelden, wenn er zahlungsunf„hig ist?;Konkurs;
3;Was stellte Mitte des 19. Jahrhunderts eine groáe Gefahr fr den europ„ischen Weinbau dar?;Reblaus;
3;Was war im kalten Zustand eine Bedrohung fr die gesamte Menschheit?;Krieg;
3;Was wiegt h”chstens 450 Gramm und hat einen Umfang von maximal 70 Zentimeter?;Fuáball;
3;Was wird jedes Jahr am zweiten Sonntag im Mai gefeiert?;Muttertag;
3;Was wird mit einem Geigerz„hler gemessen?;Radioaktivit„t;
3;Was wirkt, als Tee verabreicht, schweiátreibend und fiebersenkend?;Lindenblten;
3;Was zog man sich frher als Schutz ber die Schuhe?;Galoschen;
3;Welche Delikatesse bekommt man, wenn man foie gras bestellt?;Leberpastete;
3;Welche dieser frommen Damen ern„hrt sich haupts„chlich von Insekten?;Gottesanbeterin;
3;Welche Insel an der Sdspitze Sdamerikas ist durch die Magellanstraáe vom Festland getrennt?;Feuerland;
3;Welche Sportler treten zum Giro dïItalia an?;Radsportler;
3;Welche Stadt wurde von 1948 bis 1949 ber eine Luftbrcke mit Lebensmitteln versorgt?;Berlin;
3;Welchen berhmten Chor grndete Serge Jaroff 1921 in einem trkischen Internierungslager?;Donkosaken;
3;Welcher Vogel wird von verschuldeten Menschen besonders gefrchtet?;Kuckuck;
3;Welcher dieser Vulkane liegt auf Sizilien?;tna;
3;Welcher Fluss ist nach dem Rhein der l„ngste und verkehrsreichste Deutschlands?;Elbe;
3;Welcher kleine Junge erlebte eine wunderbare Reise mit Wildg„nsen?;Nils Holgerson;
3;Welcher ”sterreichische Zoologe wurde durch seine Tauchg„nge mit Haien weltberhmt?;Hans Hass;
3;Welcher Wert gibt den Luftwiderstand von Autos an?;cw-Wert;
3;Welches Bundesland hat die Farben Weiá und Blau in seiner Flagge?;Bayern;
3;Welches Bundesland umgibt die Stadt Berlin?;Brandenburg;
3;Welches dieser Tiere ist kein Spinnentier?;Birkenspanner;
3;Welches dieser Werke schrieb Karl Marx?;Das Kapital;
3;Welches Geb„ude war bis 1970 das h”chste der Erde?;Empire State Building;
3;Welches Land geh”rt nicht zu den baltischen Staaten?;Finnland;
3;Welches Muster hat das Fell junger Wildschweine?;gestreift;
3;Welches Rechtsmittel kann man gegen ein Gerichtsurteil einlegen?;Revision;
3;Wer erblickte am 1.Dezember 1935 als Allen Stewart Konigsberg das Licht der Welt?;Woody Allen;
3;Wer lieá zwei Schwestern fr ihre Dienste mit Gold bzw. Pech  berschtten?;Frau Holle;
3;Wer schrieb Berlin Alexanderplatz?;Alfred D”blin;
3;Wer spielt den Privatdetektiv Thomas Magnum?;Tom Selleck;
3;Wer war Geigenbauer von Beruf?;Antonio Stradivari;
3;Wie bezeichnet man die Aufteilung eines Arbeitsplatzes unter mehreren Personen?;Jobsharing;
3;Wie bezeichnet man die Belgier mit franz”sischer Muttersprache?;Wallonen;
3;Wie bezeichnet man die nachrichtenarme Zeit w„hrend der groáen Schulferien? ;Sommerloch;
3;Wie heiáen die beiden krzeren Seiten eines rechtwinkligen Dreickecks?;Katheten;
3;Wie heiát das gr”áte lebende Landraubtier?;Kodiakb„r;
3;Wie heiát die amerikanische Variante des Kartenspiels Siebzehnundvier?;Black Jack;
3;Wie heiát die groáe, schleimige, kr”ten„hnliche Kreatur aus den Star Wars-Filmen?;Jabba the Hut;
3;Wie heiát die Hauptstadt Bulgariens?;Sofia;
3;Wie heiát die kernlose, besonders sáe Variante der Mandarine?;Klementine;
3;Wie hieá die Begleitband von Udo Lindenberg?;Panikorchester;
3;Wie lautet der russische Begriff fr Umbau, der in den sp„ten 80er Jahren sehr gel„ufig war?;Perestroika;
3;Wie lautet der traditionelle Gruá der Bergleute im Ruhrgebiet?;Glck auf;
3;Wie nannten die gypter ihren Sonnengott?;Re;
3;Wie nennen die Mediziner die Vorsteherdrse?;Prostata;
3;Wie nennt man den Generator, der ein Kraftfahrzeug mit elektrischen Energie versorgt?;Lichtmaschine;
3;Wie nennt man den karrierten Faltenrock der Schotten?;Kilt;
3;Wie nennt man den wohlt”nenden Zusammenklang mehrere T”ne?;Harmonie;
3;Wie nennt man die Einstimmung des Studiopublikums vor Beginn einer Fernsehsendung?;Warm-up;
3;Wie nennt man die Verknpfung auf einer Webseite, die auf eine andere Seite verweist?;Link;
3;Wie nennt man ein hohes Trinkglas mit tiefem Kelch?;Fl”te;
3;Wie nennt man ein mit Wasserfarben gemaltes Bild?;Aquarell;
3;Wie nennt man eine r”hrenf”rmige Pelzhlle, in der man seine H„nde w„rmen kann?;Muff;
3;Wie nennt man eine sprunghafte Ver„nderung der Erbsubstanz?;Mutation;
3;Wie nennt man einen Autor, der ungenannt fr eine andere Person schreibt?;Ghostwriter;
3;Wie nennt man Menschen, die fr ihren Glauben oder ihre šberzeugung gestorben sind?;M„rtyrer;
3;Wie nennt man Nationalspieler, die bei ausl„ndischen Vereinen unter Vertrag stehen?;Legion„re;
3;Wie viele W„hlerstimmen braucht eine Partei mindestens, um in den deutschen Bundestag einzuziehen?;fnf Prozent;
3;Wie wird die These bezeichnet, nach der alles schief geht, was schief gehen kann?;Murphys Gesetz;
3;Wohin muss man reisen, wenn man zur Costa Blanca will?;Spanien;
3;Worin „uáert sich ein leitender Redakteur zum Zeitgeschehen?;Leitartikel;
4;Bei welcher offiziell nicht erlaubten Skat-Spielart verliert der Spieler mit den meisten Punkten?;Ramsch;
4;Der Mond ist ein ...?;Trabant;
4;Ein anderes Wort fr Wrfel lautet ...?;Kubus;
4;Ein Goethe-Gedicht beginnt: šber allen Gipfeln ...?;ist Ruh;
4;Eine schmale Treppe ist eine ...?;Stiege;
4;Eine Wohnung im Kellergeschoss befindet sich ...?;im Souterrain;
4;Fr wen wurde die Brailleschrift entwickelt?;Blinde;
4;Heiáluftballone werden nicht geflogen, sondern ...?;Gefahren;
4;Hollywood ist ein Stadtteil von ...?;Los Angeles;
4;In welchem Land erblickte Howard Carpendale das Licht der Welt?;Sdafrika;
4;Paris liegt an der ...?;Seine;
4;Von welcher Band stammt die Glasnost-Hymne Wind of Change?;Scorpions;
4;Was darf in einer Maibowle nicht fehlen?;Waldmeister;
4;Was drckt eine Fahne auf Halbmast aus?;Trauer;
4;Was entsteht bei Erw„rmung des Bodens und der darber liegenden Luftschichten?;Thermik;
4;Was ist schwarzer Peter?;Kartenspiel;
4;Was ist ein Bergfried?;Hauptturm einer Burg;
4;Was ist ein Gobelin?;Wandteppich;
4;Was ist ein Katamaran?;Wasserfahrzeug;
4;Was ist ein Luftikus?;Leichtsinnige Person;
4;Was ist ein Stilett?;Dolch;
4;Was ist Glucose?;Traubenzucker;
4;Was ist kein fossiler Energielieferant?;Sonne;
4;Was landet im Kochtopf, wenn von einem Bouquet garni die Rede ist?;Kr„uter;
4;Was sind Mokassins?;Schuhe der Indianer;
4;Was sollte man in einer schwierigen Situation bewahren?;Contenance;
4;Was steht im so genannten heliozentrischen System im Mittelpunkt?;Sonne;
4;Was verbirgt sich hinter dem chemischen Symbol Al?;Aluminium;
4;Was war die Aufgabe eines Barden im Mittelalter?;singen und dichten;
4;Was wird zur Herstellung von Glhf„den fr Glhlampen verwendet?;Wolfram;
4;Welche Automarke produziert die legend„re Corvette?;Chevrolet;
4;Welche der folgenden deutschen St„dte liegt nicht am Meer?;Friedrichshafen;
4;Welche der folgenden Sprachen spricht niemand als Muttersprache?;Esperanto;
4;Welche deutsche Comic-Zeitschrift erfreute ihre Leser in jeder Ausgabe mit einem Gimmick?;Yps;
4;Welche dieser Damen war so h„sslich, dass ihr Anblick Menschen zu Stein erstarren lieá?;Medusa;
4;Welche Farbe hatte das Spielmobil, das einer TV-Kindersendung der 70er Jahre ihren Namen gab?;feuerrot;
4;Welche Krebse schtzen ihren weiche Hinterk”rper indem sie leere Schneckenh„user besiedeln?;Einsiedlerkrebse;
4;Welche menschliche Reaktion drckt Verlegenheit, Schchternheit und Scham aus?;err”tende Wangen;
4;Welche Musik macht  Claudia Jung?;Deutscher Schlager;
4;Welche Nummer bezeichnet kein Duftw„sserchen?;Aug 15;
4;Welche Pflanzengattung heiát mit botanischem Ausdruck Cannabis?;Hanf;
4;Welchen Beruf erlernte Stefan Raab?;Metzger;
4;Welchen Wert besitzt die Zahl Pi?;ca. 3,14;
4;Welcher dieser Schauspieler geh”rte nicht zur Klimbim-TV-Familie?;G”tz George;
4;Welcher dieser V”gel kann fliegen?;Storch;
4;Welcher Holl„nder sang den Schlager Wann wirdïs mal wieder richtig Sommer?;Rudi Carrell;
4;Welcher Rex-Gildo-Schlager beginnt mit der legend„ren Zeile Hossa, Hossa, Hossa, Hossa?;Fiesta Mexicana;
4;Welcher Stern steht fast genau ber dem Nordpol?;Polarstern;
4;Welcher Verlag gibt die Bild-Zeitung heraus?;Springer;
4;Welches berhmte Trickfilmzeichner-Duo erfand Tom und Jerry und die Familie Feuerstein?;Hanna & Barbera;
4;Welches Delikt begeht ein Hijacker?;Flugzeugentfhrung;
4;Welches der folgenden Verben bezeichnet man als Hilfsverb?;haben;
4;Welches Ger„t sorgt fr die Einhaltung einer vorgegebenen Temperatur?;Thermostat;
4;Welches Land war das eigentliche Ziel der ersten Atlantik-šberquerung von Christoph Columbus?;Indien;
4;Welches Tier tr„gt den lateinischen Namen Canis lupus?;Wolf ;
4;Wen ben”tigt ein Duellant als Beistand und Zeugen?;Sekundant;
4;Wen besiegte die deutsche Fuáballnationalmannschaft im ersten Spiel nach der EM 2000 mit 4:1?;Spanien;
4;Wer im Restaurant eine Paella bestellt, bekommt?;Reisgericht;
4;Wer spielte im gleichnamigen Film den debilen Glckspilz Forrest Gump?;Tom Hanks;
4;Wer spielte von 1975 bis 1980 die Hauptrolle in der Slapstick-Serie Nonstop Nonsens?;Dieter Hallervorden;
4;Wer tritt nur selten ohne seine Orthop„dischen Strmpfe auf?;Guildo Horn;
4;Wie bezeichnet man den j„hrlichen Gefiederwechsel der V”gel?;Mauser;
4;Wie bezeichnet man die reiche Auszierung einer Gesangsmelodie mit umspielenden T”nen?;Koloratur;
4;Wie heiáen alle Mitglieder der Bee Gees mit Nachnamen?;Gibb;
4;Wie heiát der kleinste der sieben Hgel Roms?;Kapitol;
4;Wie heiát die Anemone noch?;Buschwindr”schen;
4;Wie heiát die gr”áte Insel der Erde?;Gr”nland;
4;Wie heiát die Hauptstadt von Nordirland?;Belfast;
4;Wie heiát die islamische Burg im spanischen Granada?;Alhambra;
4;Wie heiát die Meerenge, die den asiatischen Teil der Trkei von europ„ischen trennt?;Bosporus;
4;Wie heiát die Symbolfigur der Comic-Zeitschrift MAD?;Alfred E. Neumann;
4;Wie hieá der berhmte Picasso mit Vornamen?;Pablo;
4;Wie lange muss Scheherazade M„rchen erz„hlen?;1001 Nacht;
4;Wie lautet das deutsche Wort fr Parasit?;Schmarotzer;
4;Wie lautet der Fachbegriff fr Zahnf„ule?;Karies;
4;Wie lautet die volkstmliche Bezeichnung fr eine Reihe von reich blhenden Zierpflanzen?;Fleiáiges Lieschen;
4;Wie lebt jemand, der mit mehreren Frauen verheiratet ist?;polygam;
4;Wie nennt man das lange Gewand katholischer Geistlicher?;Soutane;
4;Wie nennt man den Bruder der Schw„gerin?;Schwofschwager;
4;Wie nennt man den Gewinn, den eine Aktiengesellschaft periodisch an die Aktion„re ausschttet?;Dividende;
4;Wie nennt man den inneren Durchmesser des Laufes einer Schusswaffe?;Kaliber;
4;Wie nennt man den Leiter eines Theaters?;Intendant;
4;Wie nennt man den Zustand einer berauschten Stimmung?;Euphorie;
4;Wie nennt man die Geschlechtszellen von Farnen?;Sporen;
4;Wie nennt man einen Judo-K„mpfer?;Judoka;
4;Wie nennt man einen s„ulenartigen, mehrarmigen St„nder fr Kerzen und Lampen?;Kandelaber;
4;Wie nennt man einen sehr einflussreichen, m„chtigen Gesch„ftsmann?;Tycoon;
4;Wie nennt man in der Fotografie ein Superweitwinkelobjektiv?;Fischauge;
4;Wo feierte Michael Schumacher 1992 seinen ersten Formel-1-Sieg?;Spa-Francochamps;
4;Wo versteckt sich das einzige der sieben Geiálein, das nicht vom Wolf gefressen wurde?;Uhrkasten;
4;Wofr stehen die fnf olympischen Ringe?;fnf Kontinente;
4;Womit hat es ein Kavalier in der ursprnglichen Bedeutung des Wortes zu tun?;Pferde;
4;Wovon ern„hren sich Koalas fast ausschlieálich?;Eukalyptus;
4;Zu welchem Staatsgebiet geh”rt die Region Masuren?;Polen;
4;Zu welcher Sprachgruppe geh”ren Franz”sich, Italienisch und Spanisch?;romanische Sprachen;
5;An welchem Tag ”ffnete die Regierung der DDR die Berliner Mauer?;09. Nov 89;
5;Bei welcher Band spielen Angus und Malcolm Young Gitarre?;AC/DC;
5;Die Wissenschaft von der englischen Sprache und Literatur nennt man ...?;Anglistik;
5;Durch welches System werden Verkehrsdurchsagen im Autoradio automatisch eingestellt?;ARI;
5;In welchem Monat beginnt auf der Sdhalbkugel der Erde der Frhling?;September;
5;In welcher Stadt gibt es eine Museumsinsel?;Berlin;
5;Markenzeichen welcher Band sind die langen B„rte von Billy Hill und Dusty Gibbons?;ZZ Top;
5;Mit welchem Titel werden Kardin„le angeredet?;Eminenz;
5;Regen an welchem Tag bedeutet nach einer Bauernregel sieben Wochen schlechtes Wetter?;Siebenschl„fer;
5;Um was fr ein Tier handelt es sich beim Beluga?;Wal ;
5;Von welchem Schriftsteller stammen die Romane Der Seewolf und Der Lockruf des Goldes?;Jack London;
5;Von welchem Vogel handelt das Volkslied, aus dem die Zeile Simsaladimbambasaladusaladim stammt?;Kuckuck;
5;Wann verspeist man einen Lunch?;mittags;
5;Was bedeutet der franz”sische Begriff Amateur im ursprnglichen Sinne des Wortes?;Liebhaber;
5;Was bezeichnet man in der Medizin als Fraktur?;Knochenbruch;
5;Was entspricht der H„lfte des Durchmessers eines Kreises?;Radius;
5;Was fr ein Landsmann war der Schriftsteller Max Frisch?;Schweizer;
5;Was hat Alfred Nobel, der Stifter des Nobelpreises, erfunden?;Dynamit;
5;Was ist die englische Bezeichnung fr Wiegenlied?;Lullaby;
5;Was ist die Kochfeste Sieglinde?;Kartoffelsorte;
5;Was ist die mittlere Reife?;Realschulabschluss;
5;Was ist ein Dompfaff?;Singvogel;
5;Was ist ein Falsifikat?;F„lschung;
5;Was ist ein Korso?;Festlicher Umzug;
5;Was meint ein Arzt, wenn er von Kammerflimmern spricht?;Herzrhythmusst”rungen;
5;Was muá ein alkoholisches Mixgetr„nk, das man Flip nennt, auf jeden Fall enthalten?;Ei;
5;Was muá man schreiben, ehe man sich mit einem Doktotitel schmcken darf?;Dissertation;
5;Was msste man eigentlich serviert bekommen, wenn man Pommes Frites bestellt?;gebratene pfel;
5;Was sind die Dardanellen im Nordwesten der Trkei?;Meeresstraáe;
5;Welche Abkrzung steht fr Kommanditgesellschaft?;KG;
5;Welche der folgenden Figuren stammt nicht aus den Bildergeschichten um den B„ren Petzi?;Tigger;
5;Welche deutsche Groástadt wurde erst 1938 gegrndet?;Wolfsburg;
5;Welche dieser Pops„ngerinnen war in dem Film Body of Evidence zu sehen?;Madonna;
5;Welche dieser St„dte liegt nicht an der Cote dïAzur?;Bordeaux;
5;Welche franz”sische Stadt diente im 14. Jahrhundert zeitweise als Residenz der P„pste?;Avignon;
5;Welche Kunst verbirgt sich hinter dem Begriff Ikebana?;Blumenstecken;
5;Welche rum„nische Landschaft wird im Norden, Osten und Sden von den Karpaten begrenzt?;Siebenbrgen;
5;Welche W„hrung gilt in Entenhausen?;Taler;
5;Welchen Namen trug Thailand bis 1939?;Siam;
5;Welchen Zeitavschnitt bezeichnet man als Fin de Siecle?;Ende des 19. Jh.;
5;Welcher brave Soldat erlebte in einem Roman von Jaroslav Hasek Abenteuer im 1. Weltkrieg?;Schwejk;
5;Welcher der folgenden Begriffe bezeichnet kein Gewrz, sondern eine Gewrzmischung?;Curry;
5;Welcher der folgenden Begriffe bezeichnet keine Computersprache?;SECAM;
5;Welcher der folgenden Begriffe bezeichnet keine Wolke?;Stradivarius;
5;Welcher Fluss flieát durch Florenz?;Arno;
5;Welcher Fluá flieát nicht durch Berlin?;Leine;
5;Welcher Kabarettist bezeichnete sich selbst als schwarzes Schaf vom Niederrhein?;Hanns Dieter Hsch;
5;Welcher Staat nannte sich Ende des 18. Jahrhunderts Helvetische Republik?;Schweiz;
5;Welcher T„nzer und Schauspieler wurde 1899 als Frederick Austerlitz geboren?;Fred Astaire;
5;Welcher T„tigkeit verdankt Kate Bush Ruhm und Geld?;singen;
5;Welches der folgenden L„nder ist kein Nachfolgestaat der Sowjetunion?;Slowenien;
5;Welches der folgenden W”rter ist kein Kompositum?;Klingel;
5;Wen oder was losse mer laut einem Karnevalsschlager der Bl„ck F””ss in K”lle?;Dom;
5;Wer hat 1934 eine elektrische Orgel erfunden?;Laurens Hammond;
5;Wer setzte vor dem Computerzeitalter die Druckplatten fr Zeitungen zusammen?;Setzer;
5;Wer spielt in der Fernsehserie Manni, der Libero Manni, den Libero?;Thomas Ohrner;
5;Wer spielte den durchgeknallten Tierdetektiv Ace Ventura?;Jim Carrey;
5;Wer spielte den J.R. Ewing in der Serie Dallas?;Larry Hagman;
5;Wie bezeichnet man eine Maschine, die ohne Zufuhr von Energie st„ndig arbeitet?;Perpetuum mobile;
5;Wie heiát der Hauptdarsteller und Regisseur des Films Der mit dem Wolf tanzt?;Kevin Costner;
5;Wie heiát der Nachbarstaat von San Marino?;Italien;
5;Wie heiát der nord”stliche Teil des Rheinischen Schiefergebirges?;Sauerland;
5;Wie heiát die gr”áte Stadt Westfalens?;Dortmund;
5;Wie heiát die Landeshauptstadt von Hessen?;Wiesbaden;
5;Wie heiát Draculas berhmter Gegenspieler?;Abraham van Helsing;
5;Wie hieá das Schiff von Meeresforscher Jaques-Yves Cousteau?;Calypso;
5;Wie hieá die Oppositionsbewegung gegen den Absolutismus im Frankreich des 17. Jahrhunderts?;Fronde;
5;Wie hieá Muhammed Ali, bevor er den islamischen Glauben annahm?;Cassius Clay;
5;Wie lang ist der Rhein?;1320 Kilometer;
5;Wie lautet der Nachname der Pro-Sieben-Talkerin Arabella?;Kiesbauer;
5;Wie lautet der Name Finnlands in der Landessprache?;Suomi;
5;Wie lautet der Titel einer sinfonischen Dichtung des Komponisten Bedrich Smetana?;Die Moldau;
5;Wie nennt man das Kontrollorgan einer Aktiengesellschaft?;Aufsichtsrat;
5;Wie nennt man das schwarz verh„ngte Gerst, auf dem bei Trauerfeierlichkeiten der Sarg steht?;Katafalk;
5;Wie nennt man die groteske Komik, die fr die amerikanische Stummfilmkom”die typisch war?;Slapstick;
5;Wie nennt man die Schalen, Keime und „uáeren Schichten von Getreidek”rnern?;Kleie;
5;Wie nennt man die Zeitspanne zwischen der Infektion und dem Ausbruch der Krankheit?;Inkubation;
5;Wie nennt man ein Zwischenspiel?;Intermezzo;
5;Wie nennt man im Boxsport einen mit angewinkeltem Arm ausgefhrten Schlag?;Haken;
5;Wie wird der l„ngste Breitenkreis der Erde bezeichnet?;quator;
5;Wie wird eine kurze, intensive Gymnastikstunde genannt?;Work-Out;
5;Wo endet der leg„ndere Verfhrer Don Giovanni in Mozarts gleichnamiger Oper?;In der H”lle;
5;Wo liegt die historische Landschaft Aquitanien?;Sdfrankreich;
5;Wo versinkt in Rudi Schurikes Schlagerhit aus der Nachkreigszeit die rote Sonne im Meer?;bei Capri;
5;Woher kommt Michel aus Astrid Lindgrens gleichnamigen Kinderbuch?;L”nneberga;
5;Zu welchem Land geh”rt die Insel Kos?;Griechenland;
5;Zu welchem Staat geh”rt die Halbinsel Baja California?;Mexiko;
5;Zu welcher Wortgruppe z„hlen damit, weil, obwohl und als?;Konjunktionen;
5;Zwischen welchen St„dten verkehrte die erste deutsche Eisenbahn?;Nrnberg und Frth;
6;An den Hundstagen ist das Wetter ...?;Heiá;
6;An welchem Tag ist altem rheinischen Liedgut zufolge alles vorbei?;Aschermittwoch;
6;Bei welcher Familie findet Alf auf der Erde Asyl?;Tanner;
6;Der Name welcher Band bedeutet soviel wie in flagranti?;Caught in the act;
6;Durch welches Lied wurde Lale Andersen w„hrend des 2.Weltkrieges berhmt?;Lili Marleen;
6;Fr welches Produkt ist die bei Venedig gelegene Insel Murano berhmt?;Glas;
6;Gut zu erreichen war James Garner in der TV-Serie Detektiv Rockford- ...?;Anruf gengt;
6;In welchem Bundesland war Uwe Barschel bis 1987 Ministerpr„sident?;Schleswig-Holstein;
6;In welchem Land wurde der Politiker Bruno Kreisky 1970 zum Bundeskanzler gew„hlt?;™sterreich ;
6;In welchem See liegt die Insel Mainau?;Bodensee;
6;In welchem US-Bundesstaat liegt das Death-Valley?;Kalifornien;
6;In welcher dieser St„dte steht kein Dom?;Wolfsburg;
6;In welcher Maáeinheit werden elektrische Widerst„nde gemessen?;Ohm;
6;In welcher Stadt befindet sich die Hagia Sophia?;Istanbul;
6;In welcher Stadt hat das Bundesverfassungsgericht seinen Sitz?;Karlsruhe;
6;In welcher Stadt kann man das H„nneschen-Theater besuchen?;K”ln;
6;Mit welchem englischen Ausdruck bezeichnet man in der Informatik einen Zwischenspeicher?;Cache;
6;Mit welchem englischen Begriff bezeichnet man das langsame Ausblenden eines Musik-Titels?;Fadeout;
6;Mit welchem kom”diantischen Schauspieler bildete Walter Matthau Ein seltsames Paar?;Jack Lemmon;
6;Neapel sehen und ...?;Sterben;
6;Ohne was geht die Mimi laut Schlagers„nger Bill Ramsey nie ins Bett?;Krimi;
6;Was bezeichnet man als Boheme?;Knstlergesellschaft;
6;Was bezeichnet man als Kalamet?;Friedenspfeife;
6;Was bezeichnet man im Ruhrgebiet als Rennpferd des kleinen Mannes?;Brieftaube;
6;Was bezeichnet man in der Wirtschaft als Insolvenz?;Zahlungsunf„higkeit;
6;Was bezeichnet man in der Zoologie als Fahne?;Teil der Vogelfeder;
6;Was fr ein Landsmann war der Dichter Gottfried Keller?;Schweizer;
6;Was ist ein Diwan?;Liege ohne Lehne;
6;Was ist ein Futteral?;Hlle;
6;Was ist ein in der Denkmalpflege oder im Museumsdienst t„tiger Beamter?;Konservator;
6;Was ist ein Sedativ?;Beruhigungsmittel;
6;Was ist Pluralismus?;Meinungsvielfalt;
6;Was sind die drei Grundfarben?;Blau, rot und gelb;
6;Was spricht schon Goethes Heldin Iphigenie gelassen aus?;groáes Wort;
6;Was stellt Annemarie Wendel in der Serie Lindenstraáe dar?;Else Kling;
6;Was wurde aus der 1898 gegrndeten Westdeutschen Benzolverkaufsvereinigung?;Aral;
6;Welche deutsche Country-Band landete mit Ich m”chte` so gern Dave Dudley h”rn einen Mega-Hit?;Truck Stop;
6;Welche Frucht heiát im Englischen raspberry?;Himbeere;
6;Welche Schauspielerin beendete 1974 ihre Filmkarriere um sich dem Tierschutz zu widmen?;Brigitte Bardot;
6;Welchen pflanzlichen Farbstoff verwenden Chemiker als Indikator?;Lackmus;
6;Welcher der folgenden Knstler ist bei Kindern auch als Mitglied der Ninja Turtles bekannt?;Michelangelo;
6;Welcher der folgenden Stoffe ist kein chemisches Element?;Stahl;
6;Welcher deutsche Regisseur drehte die Filme Die Ehe der Maria Braun und Angst essen Seele auf?;Fassbinder;
6;Welcher dieser Begriffe bezeichnet kein Edelgas?;Natron;
6;Welcher dieser Schauspieler spielt nicht in dem Film Gef„hrliche Liebschaften?;Brad Pitt;
6;Welcher Fluá flieát nicht in den Rhein?;Regnitz;
6;Welcher Fuáball-Bundesligist schaffte nicht den Sprung in die Champions-League-Saison 2000/2001;1860 Mnchen;
6;Welcher Schlagerstar fand irgendwo, allein in Mexiko eine Frau namens Anita?;Costa Cordalis;
6;Welches dieser Gedichte stammt nicht von Goethe?;Lied von der Glocke;
6;Welches ist das fl„chenm„áig gr”áte deutsche Bundesland?;Bayern;
6;Welches Kabarett-Duo bilden Stephanie šberall und Gerburg Jahnke?;Missfits;
6;Welches Meer wird auch als Baltisches Meer bezeichnet?;Ostsee;
6;Welches Weltwunder befand sich auf einer Insel vor Alexandria?;Leuchtturm;
6;Wen erfand James Krss?;Tim Thaler;
6;Wen spielte Barbara Bel Geddes in der Serie Dallas?;Miss Ellie;
6;Wer geh”rte nicht zur britischen Komikertruppe Monty Phyton?;Benny Hill;
6;Wer oder was ist ein Zypriot?;Einwohner von Zypern;
6;Wer schrieb das Lustspiel Minna von Barnheim und das Trauerspiel Emilia Galotti?;Lessing;
6;Wer spielte die Hauptrolle in Theo gegen den Rest der Welt?;Mller-Westernhagen;
6;Wer verfasste den Roman Jurassic Park?;Micheal Crinchton;
6;Wer war laut Cicero der Vater der Geschichtsschreibung?;Herodot;
6;Wie bezeichnet man die gr”áte zusammenh„ngende Landmasse der Erde?;Eurasien;
6;Wie heiát das groáe Sumpfgebiet im Sden von Florida?;Everglades;
6;Wie heiát das werktags um 19 Uhr 30 auf PRO7 ausgestrahlte Wissensmagazin?;Galileo;
6;Wie heiát der explodierte Heimatplanet von Superman?;Krypton;
6;Wie heiát die gr”áte Stadt der iberischen Halbinsel?;Madrid;
6;Wie heiát die Steuer auf Waren und Dienstleistungen, die ein Unternehmen im Inland verkauft?;Umsatzsteuer;
6;Wie hieá das Luftschiff, das am 6. Mai 1937 bei der Landung in Lakehurst explodierte?;Hindenburg ;
6;Wie hieá der Maler und Bildhauer Michelangelo mit Nachnamen?;Buonarroti;
6;Wie lange darf beim Handball der Ball h”chstens in der Hand behalten werden?;3 Sekunden;
6;Wie lautet der deutsche Name des Lago Maggiore?;Langensee;
6;Wie lautet der heutige Name der frheren Kolonie Deutsch-Sdwestafrika?;Namibia;
6;Wie nennt man den bei der Zuckergewinnung anfallenden z„hflssigen, braunen Rckstand?;Melasse;
6;Wie nennt man den Krawattenknoten, den der englische K”nig Edward VIII. popul„r machte?;Windsorknoten;
6;Wie nennt man den Vorgang, wenn Gegenst„nde durch psychische Anstrengung bewegt werden?;Telekinese;
6;Wie nennt man die Grenze zwischen einer warmen und einer kalten Luftmasse?;Front;
6;Wie nennt man einen andauernden Kursrckgang an der B”rse?;Baisse;
6;Wieviele Ecken hat ein Hexagon?;6;
6;Wieviele Quadratmeter sind ein Hektar?;10000 Quadratmeter;
6;Wo leben die fr ihre weiche Wolle bekannten Alpakas?;Sdamerika;
6;Woher kam laut einer berhmten Journalisten-Floskel der Fuáballer Gnther Netzer?;Tiefe des Raumes;
6;Woraus besteht heutzutage die Mine eines Bleistifts?;Graphit;
6;Zu welcher Stadt geh”rt der Stadtteil Fuhlsbttel?;Hamburg;
7;Auf dem Cover welches Beatles-Album gehen die vier Bandmitglieder ber einen Zebrastreifen?;Abbey Road;
7;Bei einem heftigen Wolkenbruch regnet es einer englischen Redewendung zufolge ...?;Katzen und Hunde;
7;Bei welchem Film fhrte nicht Steven Spielberg Regie?;Krieg der Sterne;
7;Der S„nger welcher Hardrock-Combo ist Steven Tyler?;Aerosmith;
7;Ein neues Erlebnis, von dem man glaubt, es bereits aus der Vergangenheit zu kennen, nennt man?;Deja vu;
7;Im Volkslied Die Vogelhochzeit schenkt der Wiedehopf der Braut ...?;ïnen Blumentopf;
7;In welchem Song der Beatles wird ein M„dchen mit Kaleidoskop-Augen besungen?;Lucy in the sky ...;
7;In welcher Sportart werden Strafecken ausgefhrt?;Feldhockey;
7;In welcher Stadt leben die Simpsons aus der gleichnamigen Zeichentrick-Serie?;Springfield;
7;In welcher Stadt wurde Friedrich Schiller geboren?;Marbach;
7;Mit welcher dieser Floskeln drckt man Kondolenz aus?;Herzliches Beileid!;
7;Mit welcher Kollegin war Humphrey Bogart verheiratet?;Lauren Bacall;
7;šber welches Tier informierte ein als Professor Grzimek getarnter Loriot die Fernsehzuschauer?;Steinlaus;
7;Unter welchem Spitznamen war Nationaltorhter Sepp Maier bekannt?;Katze von Anzing;
7;Was bedeutet Alma mater, der studentische Ausdruck fr Universit„t?;N„hrende Mutter;
7;Was bedeutet die Abkrzung REW, zum Beispiel auf Video- und Kassettenrecordern?;Rewind;
7;Was bedeutet Toleranz im ursprnglichen Sinne des Wortes?;Erdulden;
7;Was ist ein Bulletin?;Bericht;
7;Was ist ein Dreispitz?;M„nnerhut;
7;Was ist ein Heimchen?;Hausgrille;
7;Was ist ein Hermaphrodit?;Zwitter;
7;Was ist eine Krinoline?;Unterrock;
7;Was wird aus geraspelten Sáholzwurzeln gewonnen?;Lakritz;
7;Was wird mit Herbiziden bek„mpft?;Unkraut;
7;Welche der folgenden Inseln geh”rt nicht zu Italien?;Korsika;
7;Welche dieser Hautkrankheiten wird durch Milben hervorgerufen?;Kr„tze;
7;Welche Gattin eines US-Pr„sidenten rief eine Stiftung zur Therapie von Alkoholkranken ins Leben?;Betty Ford;
7;Welche Linien verbinden auf Wetterkarten Punkte mit gleichem Luftdruck?;Isobaren;
7;Welche Meerenge verbindet als Teil des rmelkanals den Atlantischen Ozean mit der Nordsee?;Straáe von Dover;
7;Welche Tiere geh”ren nicht zu den Paarhufern?;Pferde;
7;Welche Zutat verleiht Tonicwater seine Bitterkeit?;Chinin;
7;Welchen Bootstyp besang Bernd Clver in Der Junge mit der Mundharmonika?;Barke;
7;Welchen weltberhmten Roman schrieb der griechische Schriftsteller Nikos Kazantzakis?;Alexis Sorbas;
7;Welcher amerikanische Schriftsteller erfand die Detektivfigur Lew Archer?;Ros Macdonald;
7;Welcher dieser S„tze bedeutet im Zweifel fr den Angeklagten?;in dubio pro reo;
7;Welcher Komponist konnte seinen Namen buchstabengetreu in Musiknoten darstellen?;Bach;
7;Welcher oft geschm„hte Fussballstar wechselte im Jahr 2000 von Borussia Dortmund zu Schalke?;Andy M”ller;
7;Welcher Pop-Star verwandelte sich zum Beispiel in den Thin White Duke und Ziggy Stardust?;David Bowie;
7;Welcher Zucker wird als Laktose bezeichnet?;Milchzucker;
7;Welches Bundesland geh”rt erst seit 1957 zur Bundesrepublik Deutschland?;Saarland;
7;Welches der folgenden Tiere h„lt keinen Winterschlaf?;Hase;
7;Welches Tier versteckt sich hinter der zoologischen Bezeichnung Bison bonasus?;Wisent;
7;Welches Verfahren erlaubt Speicherung und Reproduktion von Bildern in dreidimensionaler Struktur?;Holographie;
7;Welches war der siebte Monat des Kalenders in der r”mischen Antike?;September;
7;Wer erfand die Figur des talentierten Mr. Ripley?;Patricia Highsmith;
7;Wer malte das berhmte Bild vom armen Poeten?;Carl Spitzweg;
7;Wer moderiert das ARD-Magazin Monitor?;Klaus Bednarz;
7;Wer schrieb in den 80er jahren den Bestseller So laát uns denn ein Apfelb„umchen pflanzen?;Hoimar von Ditfurth;
7;Wer spielte in der TV-Serie Die Sopranos den Mafia-Boss, der auf die Psychoanalytiker-Couch muss?;James Gandolfini;
7;Wer war der zweite Mensch auf dem Mond?;Edwin Aldrin;
7;Wer wurde durch seinen Film Der Pate zum international gefeierten Regiestar?;Francis Ford Coppola;
7;Wer wurde im Jahr 2000 zu Schwedens Handballer des Jahrhunderts gekrt?;Magnus Wislander;
7;Wie bezeichnet man 1.048.576 Bytes?;Megabyte;
7;Wie bezeichnet man im Basketball das Fangen des vom Brett abspringenden Balles?;Rebound;
7;Wie bezeichnete die R”mer der Kaiserzeit ihre durch Wehrbauten gesicherte Reichsgrenze?;Limes;
7;Wie heiáen Vertiefungen der Erd”berfl„che, die durch vulkanische Gasexplosionen entstanden sind?;Maar;
7;Wie heiát das 1215 entstandene, wichtigste englische Grundgesetz?;Magna Charta;
7;Wie heiát das 1741 von Kaiserin Maria Theresia gegrndete, berhmte Theater in Wien?;Burgtheater;
7;Wie heiát das 1745 bis 1747 erbaute Sommerschloss Friedrichs des Groáen in Potsdam?;Sanssouci;
7;Wie heiát der Bandleader in der Harald Schmidt Show?;Helmut Zerlett;
7;Wie heiát der Eisenbahndamm, der Sylt mit der Kste von Schleswig-Holstein verbindet?;Hindenburgdamm;
7;Wie heiát der zweitgr”áte Planet unseres Sonnensystems?;Saturn;
7;Wie heiát die gr”áte Stadt Schottlands?;Glasgow;
7;Wie heiát die Hauptstadt des Elsass?;Straáburg;
7;Wie heiát die Meeresstraáe zwischen den d„nischen Inseln Fnen und Seeland?;Groáer Belt;
7;Wie heiát die W„hrung Israels?;Schekel;
7;Wie heiát Old Shatterhands Pferd?;Hatatitla;
7;Wie hieá das jngste Mitglied der Beatles?;George Harrison;
7;Wie hieá die Hauptstadt des Byzantinischen Reiches?;Konstantinopel;
7;Wie hieá die z„nkische Frau des griechischen Philosophen Sokrates?;Xanthippe;
7;Wie hoch ist der Intelligenzquotient von so genannten normal begabten Menschen?;90 bis 109;
7;Wie nennt man ein gericht aus fein zerkleinertem, gegartem Fleisch oder Innereien?;Haschee;
7;Wie nennt man eine schlecht klingende Folge von Lauten?;Kakophonie;
7;Wie nennt man einen kurzen Spot im Fernsehen oder Radio, der auf sp„tere Sendungen hinweist?;Trailer;
7;Wie nennt man in vielen St„dten und Gemeinden den Leiter der Finanzverwaltung?;K„mmerer;
7;Wie nennt sich der S„nger der rzte?;Farin Urlaub;
7;Wieviele Aktienwerte enth„lt der DAX?;30;
7;Wo haben sich junge M„nner zur Bundeswehrmusterung einzufinden?;Kreiswehrersatzamt;
7;Zu welchem Staat geh”rt die Halbinsel Chalkidike?;Griechenland;
7;Zu welchem Staat geh”rt die Provinz Flevoland?;Niederlande;
7;Zu welchem Staatsgebiet z„hlte der Ort Elten bei Emmerich von 1945 - 1963?;Niederlande;
8;Auf welchen Rohstoff deutet die Silbe hall im Namen von St„dten hin?;Salz;
8;Aus welchem Roman ist der Titel der Doku-Soap Big Brother entliehen?;1984;
8;Aus wievielen Z„hnen besteht das Milchgebiss eines Kindes?;20;
8;Die Coca-Cola-Company forderte einst ihre K„ufer auf: Mach mal ...!?;Pause;
8;Die Tochter welches Beatles macht Karriere als Modesch”pferin?;Paul McCartney;
8;In welchem Bundesland befindet sich die Holsteinische Schweiz?;Schleswig-Holstein;
8;In welchem Land regierte Augusto Pinochet?;Chile;
8;In welchem Monat findet allj„hrlich die Kieler Woche statt?;Juni;
8;In welcher Einheit werden Energie, Arbeit und W„rmemengen angegeben?;Joule;
8;In welcher Stadt wurde der Dichter Heinrich Heine geboren?;Dsseldorf;
8;In welcher Stadt wurde Franz Kafka geboren?;Prag;
8;In welcher Stadt wurde Martin Luther geboren?;Eisleben;
8;Mit welchem Fremdwort bezeichnet man das Zusammentreffen zweier Ereignisse?;Koinzidenz;
8;Mit welchem Kurzbegriff wird Lichtverst„rkung durch stimulierte Strahlenemission bezeichnet?;Laser;
8;Mit wem sang Nick Cave Where the wild roses grow?;Kylie Minogue;
8;Mit wem sang und st”hnte Serge Gainsbourg das Lied Je tïaime?;Jane Birkin;
8;Nach einer Festlegung des Internationalen Instituts fr Statistik hat eine Groástadt mehr als ...?;100.000 Einwohner;
8;Wann ging in Frankreich das so genannte Ancien Regime  zu Ende?;1789;
8;Was ist ein Klver?;dreieckiges Vorsegel;
8;Was tat ™dipus, nachdem er erfuhr, wer seine leiblichen Eltern sind?;Verstmmelte sich;
8;Was tr„gt man, wenn man Flip-Flops anzieht?;Badelatschen;
8;Was versteht man heute unter einem Sermon?;Geschw„tz;
8;Was wird -auáer einem Blumenstrauá- als Bukett bezeichnet?;Duft des Weines;
8;Welche Comic-Firma wurde mit Figuren wie Spiderman und den Fantastischen Vier berhmt?;Marvel;
8;Welche dieser Gruppen besteht nicht nur aus Frauen?;Aqua;
8;Welche L„nder beherrschte die k.u.k.-Monarchie?;™sterreich-Ungarn;
8;Welche Schriftstellerin schrieb unter dem Pseudonym Mary Westmacott Liebesromane?;Agatha Christie;
8;Welchen Dosensuppenhersteller verewigte Andy Warhol auf zahlreichen Siebdrucken?;Campbellïs;
8;Welchen Verein l”ste Bayern Mnchen 1987 als Deutscher Rekordmeister ab?;1. FC Nrnberg;
8;Welcher 1990 verstorbene Knstler stellte immer wieder das Baby im Strahlenkranz dar?;Keith Haring;
8;Welcher der folgenden Berge ist nicht ber 8000 Meter hoch?;Aconcagua;
8;Welcher der folgenden Romane stammt nicht von Karl May?;Lederstumpf;
8;Welcher deutsche Regiesseur erregte in den 80er Jahren mit seinem Film Das Gespenst Aufsehen?;Herbert Achternbusch;
8;Welcher dieser Stoffe ist ein Bleichmittel?;Wasserstoffperoxid;
8;Welcher Dorfrichter soll in Kleists Kom”die im Fall ber den Zerbrochenen Krug Recht sprechen?;Adam ;
8;Welcher Heilige soll den V”geln gepredigt haben?;Franz von Assisi;
8;Welcher italienischen Stadt verdankt die Fayence-Keramik ihren Namen?;Faenza;
8;Welcher Knstler schuf die Skulptur Der Denker?;Rodin;
8;Welcher Leichtathlet wurde 1996 Olympiasieger ber 200 und 400 Meter?;Michael Johnson;
8;Welcher Sohn einer berhmten Puppenknstlerin schrieb die Geschichte vom Urmel aus dem Eis?;Max Kruse;
8;Welches Markenzeichen macht den US-Latenight-Talker Jay Leno unverwechselbar?;ausgepr„gtes Kinn;
8;Welches der folgenden L„nder liegt nicht an der Donau?;Tschechien;
8;Welches dieser Segel findet man tats„chlich bei einem Segelschiff?;Gaffelsegel;
8;Welches ist die n”rdlichste Stadt Europas?;Hammerfest;
8;Welches Land lehnte sich im 80-j„hrigen Krieg gegen die spanische Herrschaft auf?;Niederlande;
8;Welches Land nennt seinen h”chsten Berg Grauspitze?;Liechtenstein;
8;Welches Tier verhungerte, weil es sich nicht zwischen zwei Heubscheln entscheiden konnte?;Buridans Esel;
8;Welches Unternehmen warb mit einer Parodie auf Wer wird Milion„r fr eines seiner Produkte?;McDonaldïs;
8;Wer ist mit ber 13.000 gewonnen Rennen der erfolgreichste Trabrennfahrer aller Zeiten?;Heinz Wewering;
8;Wer moderiert die ARD-Nachmittags-Schlager-Show Wunschbox?;Ingo Dubinski;
8;Wer spielt in Spiel mir das Lied vom Tod auf einer Mundharmonika das Lied vom Tod?;Charles Bronson;
8;Wer weigerte sich, das Beichtgeheimnis zu brechen, und wurde deswegen in der Moldau ertr„nkt?;Johannes von Nepomuk;
8;Wer wurde um 1900 mit seinen Zeichnungen aus dem Berliner Proletarier-Milieu berhmt?;Heinrich Zille;
8;Wie heiát der haustierhafte Staubsauger der Teletubbies?;Nono;
8;Wie heiát die Ehefrau von Tom Cruise?;Nicole Kidman;
8;Wie heiát die Frau von Othello, dem Mohren von Venedig?;Desdemona;
8;Wie heiát die gr”áte Drse beim Menschen und allen anderen Wirbeltieren?;Leber;
8;Wie heiát die Hauptstadt des Libanon?;Beirut;
8;Wie heiát die Verlobte Hamlets, die wahnsinnig wird und sich in einem Fluá ertr„nkt?;Ophelia;
8;Wie heiát eine Kraftmaschine, die aus Wasser, Gas oder Dampf mechanische Energie gewinnt?;Turbine;
8;Wie lautet die umgangssprachliche Bezeichnung fr eine Aktie mit niedrigem Nennwert?;Babyaktie;
8;Wie nennen sich die Arabisch sprechenden christlichen Nachfahren der alten gypter?;Kopten;
8;Wie nennt man die Eishockey-Nationalmannschaft Schwedens?;Dreikronnen-Team;
8;Wie nennt man die Kombination aus Pullover und Jacke?;Twinset;
8;Wie nennt man im Turnen einen Handsttzberschlag rckw„rts aus dem Stand heraus?;Flickflack;
8;Wie nennt man in der Mathematik den Schnittpunkt der beiden Schenkel eines Winkels?;Scheitel;
8;Wie nennt sich der S„nger der Bloodhound-Gang?;Jimmy Pop;
8;Wie wird die Altstadt nordafrikanischer St„dte genannt?;Kasbah;
8;Wo befindet sich der Latissimus-Muskel?;Rcken;
8;Wo in Paris fand Napoleon I. die letzte Ruhe?;Invalidendom;
8;Wo kann man sich ber den Wert von Gebrauchtwagen informieren?;Schwackeliste;
8;Wo liegt die Landschaft Kampanien?;Italien;
8;Wo zahlt man in Zloty?;Polen;
8;Wobei tritt die sogenannte REM-Phase ein?;Schlaf;
8;Zu welchem Begriff lassen sich -Philosophen wie Hegel zufolge- These und Antithese verbinden?;Synthese;
9;Auf welchem Gebiet tat sich Theodor W. Adams nicht hervor?;Werbegraphik;
9;Auf wen bezog sich Stan, der Spitzname des legend„ren Fuáballers Reinhard Libuda?;Stanley Matthews;
9;Da sprach der alte H„uptling der Indianer :Wild ist der Westen, ...?;Schwer ist der Beruf;
9;Die Muskulatur welchen K”rperteils steuert der Fazialis-Nerv?;Gesicht;
9;In welchem Bundesland befindet sich das Harlinger Land?;Niedersachsen;
9;In welchem Gebirge findet man den Drachenfels?;Siebengebirge;
9;In welchen Abst„nden wird in der katholischen Kirche seit 1475 ein Heiliges Jahr gefeiert?;alle 25 Jahre;
9;In welcher Nibelungenstadt findet allj„hrlich das Backfischfest statt?;Worms;
9;In welcher Schlacht besiegte Napoleon 1805 die russischen und ”sterreichischen Truppen?;Dreikaiserschlacht;
9;In welcher Stadt wurde der M„rchenerz„hler Hans Christian Andersen geboren?;Odense;
9;In welcher Western-Serie spielt Clint Eastwood einen Viehtreiber namens Rowdy Yates?;Rawhide;
9;Mit welchem Begriff bezeichnet man eine Mischung aus konzentrierter Salz- und Salpeters„ure?;K”nigswasser;
9;Mit welchen Worten wird die Wahl eines Papstes bekannt gegeben?;Habemus Papam;
9;Nach wem wurde die Einheit der elektrischen Spannung benannt?;Alessandro Volta;
9;Unter welchem Namen machte Doris Kappelhoff Karriere beim Film?;Doris Day;
9;Unter welchem Namen wurde der Orchesterleiter James Last geboren?;Hans Last;
9;Von wann bis wann lebte Johann Wolfgang von Goethe?;1749 bis 1832;+
9;Von wem stammte das Zitat: Die Grenzen meiner Sprache sind die Grenzen meiner Welt?;Ludwig Wittgenstein;
9;Was bedeutet der franz”sische Name des Schaumgeb„cks Baiser w”rtlich?;Kuss;
9;Was ist die spanische Fliege?;K„fer;
9;Was ist die ursprngliche Bedeutung des Wortes Kultur?;Landbau;
9;Was ist ein lapsus linguae?;Versprecher;
9;Was ist ein Olifant?;Blasinstrument;
9;Was ist eine Gabelweihe?;Greifvogel;
9;Was ist laut Kommunistischem Manifest das Einzige, was die Proletarier zu verlieren haben?;Ketten;
9;Was kann man mit einem Hygrometer messen?;Luftfeuchtigkeit;
9;Was soll der M”nch Berthold Schwarz im 14. Jahrhundert erfunden haben?;Schieápulver;
9;Was versteht man unter Jitterbug?;Gesellschaftstanz;
9;Welche der folgenden Inseln gibt es nur im Mythos?;Inseln der Seligen;
9;Welche ehemalige Weltklasse-Skifahrerin wurde in Recklinghausen geboren?;Katja Seizinger;
9;Welche historische Pers”nlichkeit inspirierte Albert Lortzing zu der Oper Zar und Zimmermann?;Peter der Groáe;
9;Welche Landesteile trennt der Fluss Eider?;Schleswig/Holstein;
9;Welche Leichtathletin wurde die schwarze Gazelle genannt?;Wima Rudolph;
9;Welche literarische Figur wurde von dem Amerikaner Robert E. Howard geschaffen?;Conan, der Barbar;
9;Welche m„nnliche Stimmlage wird auch als Kastraten- oder Falsettgesang bezeichnet?;Kontratenor;
9;Welche Temperaturskala beginnt am absoluten Nullpunkt?;Kelvin-Skala;
9;Welchen Spitznamen hatte Georg Schwarzenbeck, der langj„hrige Vorstopper von Bayern Mnchen?;Katsche;
9;Welcher amerikanische Filmstar spielt in Wim Wenders Der Himmel ber Berlin sich selbst?;Peter Falk;
9;Welcher dieser Festspielorte ist fr seine Seebhne bekannt?;Brgenz;
9;Welcher Herrscher muáte in der V”lkerschlacht von Leipzig 1813 eine Niederlage einstecken?;Napoleon I.;
9;Welcher Kunstrichtung geh”rten die Maler Salvador Dali und Max Ernst an?;Surrealismus;
9;Welcher S„nger will so lange schwarze Kleidung tragen, bis es kein Unrecht mehr auf der Welt gibt?;Johnny Cash;
9;Welcher Schriftsteller verbirgt sich hinter dem Pseudonym Richard Bachmann?;Stephen King;
9;Welcher Spieler wurde zu Deutschlands Fuáballer des Jahres 2000 gew„hlt?;Oliver Kahn;
9;Welches dieser L„nder geh”rt nicht zu den La-Plata Staaten?;Bolivien;
9;Welches Ereignis, das am 23.Mai 1618 stattfand gilt als Ausl”ser des Dreiáigj„hrigen-Krieges?;Prager Fenstersturz;
9;Welches Getr„nk verlieh den griechischen G”ttern Unsterblichkeit?;Nektar;
9;Welches ist das leichteste chemische Element?;Wasserstoff;
9;Welches Schiller Drama endet mit den Worten Dem Manne kann geholfen werden?;Die R„uber;
9;Welches Zeichen vor einer Note signalisiert in der Musik die Erh”hung um einen Halbton?;Kreuz;
9;Wem unterlag Boris Becker im Wimbeldon Finale von 1991?;Michael Stich;
9;Wer grndete 1635 die Academie francaise?;Richelieu;
9;Wer ist der Titelheld des Filmklassikers Mein Freund Harvey von 1950?;Riesenhase;
9;Wer schrieb das Drama Endspiel?;Samual Beckett;
9;Wer spielte in Lola rennt den Freund, fr den sich Lola so beeilt?;Moritz Bleibtreu;
9;Wer wurde am 12. August 2000 50 Jahre alt?;Iris Berben;
9;Wie heiát das berhmte lebende Fossil, das 1938 vor der sdafrikanischen Kste entdeckt wurde?;Quastenflosser;
9;Wie heiát das sdlichste Bundesland ™sterreichs?;K„rnten;
9;Wie heiát der h”chste Berg des Hunsrck?;Erbeskopf;
9;Wie heiát die Bhnenfigur, durch die der Pantomime Marcel Marceau berhmt wurde?;Bip;
9;Wie heiát die n”rdlichste Hauptstadt der Welt?;Reykjavik;
9;Wie hieá der 1997 gestrzte Diktator von Zaire, der heutigen Demokratischen Republik Kongo?;Mabuto Sese-Seko;
9;Wie nennt man auf billigem Papier gedruckte Kriminal-, Horror- und Fantasyromane?;Pulp Fiction;
9;Wie nennt man die H„ndler, die in Paris entlang der Seine Bcher verkaufen?;Bouquinisten;
9;Wie nennt man in ™sterreich den Vorsitzenden einer Landesregierung?;Landeshauptmann;
9;Wo arbeitet Carmen aus der gleichnamigen Oper von Georges Bizet?;Zigarettenfabrik;
9;Wo entdeckte man 1868 fnf menschliche Skelette aus der Jungsteinzeit?;Cro-Magnon;
9;Wo verloren die Serben 1389 eine entscheidende Schlacht gegen die Trken?;Amselfeld;
10;Ab welcher Sichtweite darf ein Autofahrer seine Nebelschlussleuchte nicht mehr verwenden?;50 Meter;
10;An welchem Feiertag beginnt in den abendl„ndischen Kirchen das Kirchenjahr?;Erster Advent;
10;Auf welcher Insel schreib Hoffmann von Fallersleben das Deutschlandlied?;Helgoland;
10;Aus wievielen Zeilen besteht ein Limerick in der Regel?;Fnf  ;
10;Bei welchem Verein gab Carsten Jancker sein Debt in der Fuáball-Bundesliga?;1.FC K”ln;
10;Bei welcher Temperatur ist der so genannte absolute Nullpunkt erreicht?;-273,15øC;
10;Der Gott Hephaistos ist in der griechischen Mythologie zust„ndig fr Feuer und ...?;Schmiedekunst;
10;In welchem dieser Filme spilete Jack Nicholson nicht mit?;Titanic;
10;In welchem europ„ischen Land flieát ein Fluss namens Leba?;Polen;
10;In welchem Land liegt der Etoscha-Nationalpark?;Namibia;
10;Mit welchem K”rperteil besch„ftigt sich ein Laryngologe?;Kehlkopf;
10;Mit welchem lateinisschen Begriff wird die 7.Schulklasse bezeichnet?;Quarta;
10;Mit welcher Sprache ist das Ungarische verwandt?;Finnisch;
10;Um was fr ein tier handelt es sich bei der Gemseeule?;Schmetterling;
10;Unter wem weurde Borussia M”nchengladbach 1970 erstmals Deutscher Fuáballmeister?;Hannes Weisweiler;
10;Was bedeutet der lateinische Begriff Redemptor in der Religionswissenschaft?;Erl”ser;
10;Was fr ein Landsmann war der Dichter Henrik Ibsen?;Norweger;
10;Was grndete Robert Baden-Powell im Jahre 1907?;Pfadfinder;
10;Was ist eines der Symptome der so genannten Schaufenster-Krankheit?;Hinken;
10;Was ist Kalakukko?;Fischpastete;
10;Was m”chte der Comic-Held Isnogud unbedingt werden?;Kalif ;
10;Was versteht man im Kchenjargon unter einer Farce?;Fllung;
10;Was war Johann Gutenbergs Innovation beim Buchdruck?;bewegliche Lettern;
10;Welche der folgenden Krankheiten wird nicht durch Viren ausgel”st?;Tuberkulose;
10;Welche deutsche Stadt verbirgt sich hinter der franz”sischen Bezeichnung Aix-la-Chapelle?;Aachen;
10;Welche dieser Pers”nlichkeiten war nicht jdischen Glaubens?;Isaac Newton;
10;Welche Organisation bilden die Salutisten?;Heilsarmee;
10;Welche Stadt trug bei ihrer Grndung im Jahre 1950 den Namen Stalinstadt?;Eisenhttenstadt;
10;Welche Tage eines Jahres bezeichneten die R”mer als Kalenden?;1. Tag des Monats;
10;Welchem Herrschergeschlecht geh”rten die deutschen Kaiser der Jahre 1871 bis 1918 an?;Hohenzollern;
10;Welchen Teil des K”rpers kann ein Arzt mit einem Laparoskop betrachten?;Bauchh”hle;
10;Welcher afrikanische Staat hat Accra zur Hauptstadt?;Ghana;
10;Welcher der folgenden Knstler wurde nicht in der Schweiz geboren?;Caterina Valente;
10;Welcher dieser afrikanischen Staaten besitzt keine Meereskste?;Malawi;
10;Welcher dieser Schriftsteller wird nicht der so genannten Beatgeneration zugerechnet?;Jack London;
10;Welches Land regierte Stanislaus I.?;Polen;
10;Welches Stockwerk wurde frher bei Wohnh„user als Beletage bezeichnet?;1. Stock;
10;Wer schrieb Das Prinzip Hoffnung?;Ernst Bloch;
10;Wer schrieb den Gedichtband: Die Blumen des B”sen?;Baudelaire;
10;Wer schrieb den Kriminalroman Der Malteser Falke?;Dashiell Hammett;
10;Wer schuf die Gem„lde Der Mann mit Melone und Der bedrohte M”rder?;Rene Magritte;
10;Wer verhieá dem englischen Vole am 13. Mai 1940 Blut, Schweiá und Tr„nen?;Winston Churchill;
10;Wie heiát das Streichquartett, das die Songs von Metallica nachspielt?;Apocalyptica;
10;Wie heiát der Baseballtrainer aus der 80er-Jahre-TV-Serie Die B„ren sind los?;Buttermaker;
10;Wie heiát der h”chste Berg der Eifel?;Hohe Acht;
10;Wie heiát der Hund, der zusammen mit Herrn Rossi in der TV-Zeichentrickserie das Glck sucht?;Gastone;
10;Wie heiát der mit einer berlangen Zunge gesegnete Bassist der Band Kiss?;Gene Simmons;
10;Wie heiát die fl„chenm„áig gr”áte Provinz Kanadas?;Quebec;
10;Wie hieá das sowjetische šberschallverkehrsflugzeug?;Tupolew Tu-144;
10;Wie lautet der heutige Name der Stadt, die die R”mer Mogontiacum nannten?;Mainz;
10;Wie lautet die hebr„ische Form des Namens Maria?;Mirjam;
10;Wie lautet Roy Blacks brgerlicher Name?;Gerhard H”llerich;
10;Wie nennt man die Malerei an bayrischen und Tiroler Hausfassaden?;Lftlmalerei;
10;Wie vielen Kilometern entspricht eine Seemeile?;1,852;
10;Wo findet man Europas einzige frei lebende Affen?;Gibraltar;
10;Wo liegt das Franz-Josef-Land?;in der Arktis;
10;Wovon ern„hren sich Seidenspinnerraupen, die Produzenten von Naturseide?;Maulbeerbl„tter;
10;Zu welchem Staat geh”ren die Galapagosinseln?;Ecuador;
10;Zu welchem Staatsgebiet z„hlen die Mittelmeer-Inseln Gozo und Comino?;Malta;
10;Zu welcher Tierfamilie geh”rt der Vielfraá?;Marder;
11;Auf welcher Wegstrecke reiste der Mann, der vom barmherzigen Samariter gerettet wurde?;Jerusalem-Jericho;
11;Aus wie vielen Spielern besteht eine Feldhockeymannschaft?;elf;
11;Die Nationalflagge welchen Landes sieht aus wie die niederl„ndische?;Luxemburg;
11;In welcher Region wurde der Chansonier Jacques Brel geboren?;Flandern;
11;In welcher Stadt befindet sich das Grab des Gotenk”nigs Theoderich des Groáen?;Ravenna;
11;In welcher Stadt war der heilige Nikolaus, dessen Namenstag am 6.Dezember gefeiert wird, Bischof?;Myra;
11;Mit welchem Ger„t kann man kleinste Strahlungsmengen im Bereich von Mikrowellen messen?;Bolometer;
11;Unter welchem Pseudonym wurde die Filmschauspielerin Margarita Carmen Cansino berhmt?;Rita Hayworth;
11;Was entdeckte der Hamburger Kaufmann Henning Brand bei dem Versuch Gold aus Urin zu gewinnen?;Phosphor;
11;Was ist der Kernbeiáer fr ein Tier?;Vogel;
11;Was ist ein Angstr”m?;0,1 Nanometer;
11;Was ist ein Flughahn?;Fisch ;
11;Was ist ein Lorgnon?;Brille;
11;Was ist ein Makkabi?;jdischer Sportverein;
11;Was ist ein Manul?;Katzenart;
11;Was ist ein Schlemihl?;Pechvogel;
11;Was ist M„desá?;Rosengew„chs;
11;Was muss man unbedingt mitnehmen, wenn man im August nach Neuschwabenland f„hrt?;warme Kleidung;
11;Was sind in Thringen die Drei Gleichen?;Burgen;
11;Welche Inselgruppe ist noch heute eine britische Kronkolonie?;Bermudas;
11;Welchem Beruf ging der Fallbeil-Erfinder Guillotin nach?;Arzt;
11;Welchen Beruf erlernte Erich Honecker in seiner Jugend?;Dachdecker;
11;Welchen Spitznamen hat die Rock ïnï Roll-Legende Jerry Lee Lewis?;Killer;
11;Welcher der folgenden Komponisten geh”rte nicht der legend„ren Wiener Musikerfamilie Strauá an?;Richard;
11;Welcher Schriftsteller schrieb den Roman Sansibar oder der letzte Grund?;Alfred Andersch;
11;Welcher von diesen vieren ist kein New Yorker Stadtbezirk?;Haarlem;
11;Welches dieser Tiere ist eine bizarr-groteske Gestalt in Stcken der englischen Kom”die?;Pickelhering;
11;Welches Filmplakat zeigt den Bauch einer Frau und eine Hand mit einer Rose?;American Beauty;
11;Welches geheimnisvolle Tier versucht Pu der B„r in einer Grube zu fangen?;Heffalump;
11;Welches Material ist fr die Jurten genannten Rundzelte der mittelasiatischen Nomaden typisch?;Filz;
11;Wer schrieb den Roman Jahrmarkt der Eitelkeiten?;William Thackeray;
11;Wer schrieb die Eric Clapton-Hits After Midnight und Cocaine?;J.J. Cale;
11;Wer schrieb Ende des 18. Jahrhunderts den Briefroman Hyperion?;H”lderlin;
11;Wer spielt in dem Film King of Comedy den Komiker Jerry Langford?;Jerry Lewis;
11;Wer von diesen vieren ist ein Eisvogel?;Lachender Hans;
11;Wer war in der griechischen Mythologie der Vater der Musen?;Zeus;
11;Wessen Autobiographie tr„gt den Titel ... Und kein bisschen weise?;Curd Jrgens;
11;Wessen St„rke wird durch das Elo-System gemessen?;Schachspieler;
11;Wie bezeichnet man ein Gem„lde, das als Dank fr ein erh”rhtes Gebet gestiftet wird?;Votivbild;
11;Wie bezeichnet man einen Provinzstatthalter im alten Persien?;Satrap;
11;Wie heiát das Gebiet zwischen B”hmen und der Slowakei?;M„hren;
11;Wie heiát der Clown, der durch seine Seifenblasen-Nummer im Circus Roncalli berhmt wurde?;Pic ;
11;Wie heiát der Diktator, den Charlie Chaplin in seinem Film Der groáe Diktator darstellt?;Adenoid Hynkel;
11;Wie nennt man die alt„gyptischen Papyrusrollen, die man Verstorbenen als Hilfe ins Jenseits mitgab?;Totenbcher;
11;Wie nennt man die in den 60er Jahren in Lateinamerika entstandene, sotial engagierte Theologie?;Befreiungstheologie;
11;Wieviele Eins„tze hatte Sepp Herberger als aktiver Spieler in der deutschen Nationalelf?;drei ;
11;Wo sitzt die Wissenschaftliche Gesellschaft zur F”rderung der Parapsychologie?;Freiburg;
11;Wo tauchte 1828 ein junger Mann auf, der sp„ter Kaspar Hauser genannt wurde?;Nrnberg;
11;Wo wurde Roberto Blanco geboren?;Tunis;
12;Aus welchem Land stammt der dem deutschen Eulenspiegel vergleichbare Nasreddin Hodscha?;Trkei;
12;Aus welchem Land stammt die Fluglinie VARIG?;Brasilien;
12;Den Namen welches Shakespeare-Dramas wagen abergl„ubische Theaterleute nicht auszusprechen?;Macbeth;
12;In welchem Akt eines Balletts steht nicht die Handlung, sondern der Tanz im Vordergrund?;Weiáer Akt;
12;In welchem Land wurde 1971 die Umweltorganisation Greenpeace gegrndet?;Kanada;
12;In welchem Land wurde die Schriftstellerin Doris Lessing geboren?;Iran;
12;In welcher Stadt residierte Napoleon Bonapartes Bruder Jerome als K”nig von Westfalen?;Kassel;
12;In welcher Stadt starb Georg Friedrich H„ndel im Jahre 1759?;London;
12;Mit welchem Begriff wird in der Biologie die individuelle Entwicklung bezeichnet?;Ontogenese;
12;šber welchen Modesch”pfer drehte Wim Wenders 1989 einen Dokumentarfilm?;Yoji Yamamoto;
12;Unter welchem Namen wurde eine Schweizer Lokomotive aus den 20-Jahren berhmt?;Krokodil;
12;Von welchem Zeichner stammt die Comic-Figur Gaston Lagaffe?;Franquin;
12;Was bedeutet das Wort Kegel in der Redewendung mit Kind und Kegel?;uneheliches Kind;
12;Was bedeutet der malaiische Ausdruck Orang-Utan?;Waldmensch;
12;Was ist ein Judasohr?;Pilz;
12;Was ist ein Vademekum?;praktischer Ratgeber;
12;Was passiert in einer Trag”die, wenn von Peripetie die Rede ist?;Handlungsumschwung;
12;Welche dieser Frauen erhielt keinen Nobelpreis?;Indira Ghandi;
12;Welche dieser Pers”nlichkeiten war kein Architekt?;Louis J. Deguerre;
12;Welche dieser Redewendungen stammt aus dem Stck K”nig Lear von Shakespear?;Last, not least;
12;Welche Stadt am Teutoburger Wald hat die Sparrenburg zum Wahrzeichen?;Bielefeld;
12;Welche Tiere t”ten in der griechischen Mythologie den Priester Laokoon?;Schlangen;
12;Welche Zahl entspricht der mathematische Ausdruck 4!?;24;
12;Welchem Club wurde aus ethischen und moralischen grnden vom DFB untersagt, fr Kondome zu werben?;FC Homburg;
12;Welcher der folgenden Schriftsteller stammt nicht aus Lateinamerika?;Garcia Lorca;
12;Welcher dieser Herren geh”rt nicht zum Typenkanon der Commedia dellï Arte?;Casanova;
12;Wer geh”rte nicht zu den Beach Boys?;Harold Wilson;
12;Wer grndete 1933 das Theater der Grausamkeit?;Antonin Artaud;
12;Wer rammte sich beim Dirigieren den Taktstock in den Fuá und starb darauf an einer Blutvergiftung?;Jean-Baptist Lully;
12;Wer schrieb das H”rspiel Unter dem Milchwald?;Dylan Thomas;
12;Wer berquerte als Erster nonstop im Flugzeug den Atlantischen Ozean?;Alcock / Whitten-Brown;
12;Wie bezeichnet man ein Buch, das Teil eines mehrb„ndigen Werkes ist?;Volumen;
12;Wie heiát der Ehemann der Comic-Heldin Blondie?;Dagwood;
12;Wie heiát der Verbrecherk”nig, der von Pater Brown auf den rechten Weg gebracht wird?;Flambeau;
12;Wie heiát der westliche Teil der arabisch-islamischen Welt?;Maghreb;
12;Wie hieá der S„nger von Foyer des Arts?;Max Goldt;
12;Wie lautet der Titel des ersten Romans von Hermann Hesse?;Peter Carmenzind;
12;Wie nennt man in der Lexikographie ein Stichwort in einem Nachschlagewerk?;Lemma;
12;Zu einem der berhmtesten P„rchen des Mittelalters wurden Pierre Abelard und seine Schlerin ...?;Heloise;
13;Wir kennen deine Stimme, wir kennen dein Gesicht, darum m”gen wir dich nicht, hieá es in ...?;Das Lied von Manuel;
13;Auf welchem Album von Frank Zappa erschien der Song Bobby Brown?;Sheik Yerbouti;
13;Auf welchem Planeten findet man den Groáen Roten Fleck, einen gigantischen Wolkenwirbel?;Jupiter;
13;Aus welchem Unternehmen ging die berhmte englische Versicherung Lloyd`s hervor?;Kaffeehaus;
13;Bei welchem dieser Filme fhrte Sylvester Stallone Regie?;Staying Alive;
13;Nach wem benannte sich die Rockgruppe Jethro Tull?;Schriftsteller;
13;Von wem stammen legend„re Alben wie Birth of Cool, Kind of Blue oder Bitches Brew?;Miles Davis;
13;Was ist Grauwacke?;Gesteinsart;
13;Was kann ein Kontimeter feststellen?;Staubgehalt der Luft;
13;Was wurde nach John Baskerville benannt?;Kursivdruckschrift;
13;Welche chemischen Verbindungen setzen sich aus Wasser und zwei verschiedenartigen Salzen zusammen?;Alaune;
13;Welche Familie riss 1277 die Macht in Mailand an sich?;Visconti;
13;Welchem Beruf ging Theodor Fontane nach, bevor er sich der Schriftstellerei widmete?;Apotheker;
13;Welcher Kontinent ist die Heimat des Kaffebaums?;Afrika;
13;Welcher Zehnk„mpfer gewann bei den Olympischen Spielen 1984 die Bronzemedaille?;Siggi Wentz;
13;Welches dieser heute unabh„ngigen L„nder geh”rte frher nicht zu Britisch-Ostafrika?;Botswana;
13;Wem gelang der experimentelle Nachweis, dass ein Vakuum knstlich herstellbar ist?;Otto von Guericke;
13;Wer komponierte den Evergreen Adieu, mein kleiner Gardeoffizier?;Robert Stoltz;
13;Wer wurde einst als Volk der Lachen bekannt?;Polen;
13;Wie heiát die allj„hrlich in Dortmund stattfindende Jugendmesse?;You;
13;Wie heiát die Gegend um Recklinghausen?;Vest;
13;Wie lautet das Pseudonym des Malers und Graffiti-Sprayers Jean-Michel Baptiste?;Samo;
13;Wie lautet Zorros brgerlicher Name?;Diego de la Vega;
13;Wo leben nach der griechischen Mythologie die Dryaden?;auf B„umen;
13;Womit besch„ftigt sich ein Onomastiker?;Namenskunde;
14;Der 1978 wegen seiner liberalen Politik ermordete Brgermeister von San Fransisco hieá ...?;George Moscone;
14;Hinter welchem dieser Begriffe versteckt sich eine Wissenschaftsgemeinschaft?;Blaue Liste;
14;In welchem Land herrschte im 14. Jahrhundert Johann der Blinde?;B”hmen;
14;Von wem stammte das Kabarett-Programm Heute kommï ich mal mit mein Bein?;Dr. Lutger Stratmann;
14;Was entdeckten die Chemiker Fahlberg und Remsen bereits 1879?;Saccharin;
14;Welche antike Stadt glaubt ein Franzose im Frhjahr 2000 auf dem Meeresgrund entdeckt zu haben?;Herakleion;
14;Welche dieser Inseln geh”rt zu den Pityusen?;Ibiza;
14;Welche vom Innenohr ausgel”sten Reflexe, dienen der Erhaltung des Gleichgewichts?;Vestibularreflex;
14;Welchen Schalker Spieler biss 1969 im Dortmunder Stadion Rote Erde ein Hund in den Allerwertesten?;Friedel Rausch;
14;Welcher deutsche Schlagers„nger fhrte 1980 Regie bei dem Film Die Todesg”ttin des Liebescamps?;Christian Anders;
14;Welches Autorenduo schrieb die Erz„hlung Papa Hamlet?;Holz-Schlaf;
14;Welches Stck endet mit: Nun gute Nacht! Das Spiel zu enden, begrát uns mit gewogenen H„nden!?;Sommernachtstraum;
14;Wer schrieb ein Werk ber die Deutung des Charakters eines Menschen aus dessen Gesichtsform?;Johann Lavatar;
14;Wie bezeichnen Kernphysiker die Protonen- oder Neutronenzahlen 2,8,20,28,50,82 und 126?;Magische Zahlen;
14;Wie bezeichnet man in der Juristensprache den Zusatz ohne Gew„hr?;Angstklausel;
14;Wie heiát der abgeschlossene Raum einer Moschee, in dem islamische Herrscher Platz nehmen?;Maksura;
14;Wie heiát der einzige Sohn von Gina Lollobrigida?;Miko;
14;Wie heiát die Hauptfigur des traditionellen, volkstmlichen trkischen Figurentheaters?;Karag”z;
14;Wie hieá der 1630 verstorbene Komponist, der auch Frst von Venosa war?;Carlo Gesualdo;
14;Wo hat die „lteste noch bestehende mathematische Gesellschaft ihren Sitz?;Hamburg;
15;Auf welcher isl„ndischen Insel liegt der Ort Vestmannaeyjar?;Heimaey;
15;Mit welcher seiner Lebensgef„hrtinnen hatte Pablo Picasso die Kinder Claude und Paloma?;Francoise Gilot;
15;Von welchem Pionier des Spielfilms stammt der 1902 entstandene Trickfilm Die Reise zum Mond?;Georges Meliese;
15;Was bot ein amerikanischer Lebensmittelh„ndler am 6. Juni 1930 weltweit zum ersten Mal an?;Tiefkhlkost;
15;Was ist die Aufgabe eines Thanatopraktikers?;Leichen herrichten;
15;Was ist laut dem Philosophen Martin Heidegger die Essenz der Technologie?;Das Gestell;
15;Was stellen die zwei chinesischen Schriftzeichen des Wortes hao dar, das gut bedeutet?;Dach und Frau;
15;Welcher Berliner Stadtbezirk hieá frher Rixdorf?;Neuk”lln;
15;Welcher britische Dichter verfasste ein Poem ber den schwebenden Palast des Kublai Khan?;Samuel Coleridge;
15;Welcher der folgenden Namen bezeichnet keinen israelitischen Stamm des Alten Testaments?;Moab;
15;Welcher dieser Torhter erzielte kein Tor in der Ersten Fuáball-Bundesliga?;Toni Turek;
15;Wer spielte 1971 die Hauptrolle in dem Siegfried und das sagenhafte Liebesleben der Nibelungen?;Raimund Harmstorf;
15;Wo steht :Lass deinen Mund sein wie guter Wein und Dein Schoá ist wie ein runder Becher?;Hohelied Salomos;
15;Woher stammt die Sportart Fierljeppen, bei der man mit einem Stab ber einen Kanal springt?;Niederlande;
